day,S ms played,S hours played,S silent days,S most musical day,J ms played,J hours played,J silent days,J most musical day,E ms played,E hours played,E silent days,E most musical day
17 Jan 2020,9283620,2:34:44,,,2097536,0:34:58,,,253694,0:04:14,,
18 Jan 2020,31428697,8:43:49,,,34916952,9:41:57,,,0,0:00:00,,
19 Jan 2020,0,0:00:00,,,1610240,0:26:50,,,140106,0:02:20,,
20 Jan 2020,23851524,6:37:32,,,4189582,1:09:50,,,2834564,0:47:15,,
21 Jan 2020,12422574,3:27:03,,,4067972,1:07:48,,,2219300,0:36:59,,
22 Jan 2020,11775975,3:16:16,,,6251843,1:44:12,,,1225093,0:20:25,,
23 Jan 2020,3692216,1:01:32,,,26382926,7:19:43,,,0,0:00:00,,
24 Jan 2020,7554261,2:05:54,,,3153548,0:52:34,,,641132,0:10:41,,
25 Jan 2020,11077352,3:04:37,,,3781848,1:03:02,,,2161493,0:36:01,,
26 Jan 2020,23941745,6:39:02,,,11462726,3:11:03,,,0,0:00:00,,
27 Jan 2020,7099238,1:58:19,,,16850107,4:40:50,,,3279163,0:54:39,,
28 Jan 2020,6432147,1:47:12,,,18342043,5:05:42,,,7845632,2:10:46,,
29 Jan 2020,5697982,1:34:58,,,19596004,5:26:36,,,6433014,1:47:13,,
30 Jan 2020,16027588,4:27:08,,,6604361,1:50:04,,,2504079,0:41:44,,
31 Jan 2020,8144923,2:15:45,,,14563330,4:02:43,,,0,0:00:00,,
1 Feb 2020,24682679,6:51:23,,,15298927,4:14:59,,,2146619,0:35:47,,
2 Feb 2020,4354255,1:12:34,,,6399570,1:46:40,,,15130689,4:12:11,,
3 Feb 2020,1647618,0:27:28,,,3375900,0:56:16,,,5303024,1:28:23,,
4 Feb 2020,14617380,4:03:37,,,4838128,1:20:38,,,0,0:00:00,,
5 Feb 2020,7934005,2:12:14,,,7376968,2:02:57,,,16001594,4:26:42,,
6 Feb 2020,15049976,4:10:50,,,7847201,2:10:47,,,683689,0:11:24,,
7 Feb 2020,13264257,3:41:04,,,3185433,0:53:05,,,6685929,1:51:26,,
8 Feb 2020,6488199,1:48:08,,,1378946,0:22:59,,,4692098,1:18:12,,
9 Feb 2020,14922940,4:08:43,,,13043314,3:37:23,,,4891549,1:21:32,,
10 Feb 2020,1367894,0:22:48,,,10972341,3:02:52,,,0,0:00:00,,
11 Feb 2020,6266192,1:44:26,,,12823997,3:33:44,,,865801,0:14:26,,
12 Feb 2020,3724860,1:02:05,,,5318079,1:28:38,,,3140751,0:52:21,,
13 Feb 2020,1245605,0:20:46,,,5996937,1:39:57,,,12391865,3:26:32,,
14 Feb 2020,3415570,0:56:56,,,6781153,1:53:01,,,6482595,1:48:03,,
15 Feb 2020,29779739,8:16:20,,,7830998,2:10:31,,,23575836,6:32:56,,
16 Feb 2020,18977273,5:16:17,,,8732563,2:25:33,,,2249822,0:37:30,,
17 Feb 2020,15632515,4:20:33,,,2284080,0:38:04,,,0,0:00:00,,
18 Feb 2020,2600221,0:43:20,,,20312679,5:38:33,,,7118062,1:58:38,,
19 Feb 2020,6370380,1:46:10,,,17390547,4:49:51,,,6933420,1:55:33,,
20 Feb 2020,11072151,3:04:32,,,6487293,1:48:07,,,6159689,1:42:40,,
21 Feb 2020,5488130,1:31:28,,,13005426,3:36:45,,,7617038,2:06:57,,
22 Feb 2020,9903254,2:45:03,,,61525,0:01:02,,,9982129,2:46:22,,
23 Feb 2020,2652799,0:44:13,,,27770857,7:42:51,,,2257383,0:37:37,,
24 Feb 2020,11680345,3:14:40,,,5928970,1:38:49,,,4531965,1:15:32,,
25 Feb 2020,2903288,0:48:23,,,8386987,2:19:47,,,9968604,2:46:09,,
26 Feb 2020,4496581,1:14:57,,,10240557,2:50:41,,,71637,0:01:12,,
27 Feb 2020,3386440,0:56:26,,,1965362,0:32:45,,,233356,0:03:53,,
28 Feb 2020,7438916,2:03:59,,,5768678,1:36:09,,,4178810,1:09:39,,
29 Feb 2020,3873719,1:04:34,,,10843429,3:00:43,,,3863477,1:04:23,,
1 Mar 2020,7722733,2:08:43,,,12494499,3:28:14,,,19786120,5:29:46,,
2 Mar 2020,2898369,0:48:18,,,9024810,2:30:25,,,5226349,1:27:06,,
3 Mar 2020,11262276,3:07:42,,,8426570,2:20:27,,,5404037,1:30:04,,
4 Mar 2020,11588133,3:13:08,,,1540885,0:25:41,,,16817118,4:40:17,,
5 Mar 2020,26095824,7:14:56,,,0,0:00:00,,,354476,0:05:54,,
6 Mar 2020,22280691,6:11:21,,,6716435,1:51:56,,,1893655,0:31:34,,
7 Mar 2020,0,0:00:00,,,29219285,8:06:59,,,14801933,4:06:42,,
8 Mar 2020,1626737,0:27:07,,,8079075,2:14:39,,,32597217,9:03:17,,
9 Mar 2020,12596378,3:29:56,,,7548951,2:05:49,,,0,0:00:00,,
10 Mar 2020,12458049,3:27:38,,,10748635,2:59:09,,,5872181,1:37:52,,
11 Mar 2020,3198882,0:53:19,,,16722022,4:38:42,,,0,0:00:00,,
12 Mar 2020,12117724,3:21:58,,,5743808,1:35:44,,,1620270,0:27:00,,
13 Mar 2020,17093364,4:44:53,,,2320693,0:38:41,,,14986462,4:09:46,,
14 Mar 2020,11284068,3:08:04,,,0,0:00:00,,,0,0:00:00,,
15 Mar 2020,941144,0:15:41,,,7526413,2:05:26,,,9140498,2:32:20,,
16 Mar 2020,25102544,6:58:23,,,4651218,1:17:31,,,7036850,1:57:17,,
17 Mar 2020,21032246,5:50:32,,,2145399,0:35:45,,,11024835,3:03:45,,
18 Mar 2020,30466919,8:27:47,,,1088918,0:18:09,,,4930524,1:22:11,,
19 Mar 2020,13913600,3:51:54,,,2002900,0:33:23,,,4446794,1:14:07,,
20 Mar 2020,24658100,6:50:58,,,9446376,2:37:26,,,11171359,3:06:11,,
21 Mar 2020,7291122,2:01:31,,,10849824,3:00:50,,,6747111,1:52:27,,
22 Mar 2020,21296614,5:54:57,,,11481881,3:11:22,,,9444667,2:37:25,,
23 Mar 2020,7427646,2:03:48,,,20542559,5:42:23,,,13359042,3:42:39,,
24 Mar 2020,23892039,6:38:12,,,51891502,14:24:52,,,1189325,0:19:49,,
25 Mar 2020,18492578,5:08:13,,,50133108,13:55:33,,,30888916,8:34:49,,
26 Mar 2020,14784151,4:06:24,,,12148791,3:22:29,,,21033387,5:50:33,,
27 Mar 2020,15236619,4:13:57,,,6538864,1:48:59,,,14411328,4:00:11,,
28 Mar 2020,15641359,4:20:41,,,13811965,3:50:12,,,25955426,7:12:35,,
29 Mar 2020,28230607,7:50:31,,,18601733,5:10:02,,,6669430,1:51:09,,
30 Mar 2020,15622940,4:20:23,,,7481734,2:04:42,,,26144082,7:15:44,,
31 Mar 2020,13145874,3:39:06,,,8967667,2:29:28,,,22036633,6:07:17,,
1 Apr 2020,9550341,2:39:10,,,8782648,2:26:23,,,8351954,2:19:12,,
2 Apr 2020,10231502,2:50:32,,,5583663,1:33:04,,,10441040,2:54:01,,
3 Apr 2020,11082139,3:04:42,,,2180287,0:36:20,,,12833247,3:33:53,,
4 Apr 2020,0,0:00:00,,,492821,0:08:13,,,27445392,7:37:25,,
5 Apr 2020,29934216,8:18:54,,,6282074,1:44:42,,,6720984,1:52:01,,
6 Apr 2020,0,0:00:00,,,9336029,2:35:36,,,6204344,1:43:24,,
7 Apr 2020,25074536,6:57:55,,,2282527,0:38:03,,,10687124,2:58:07,,
8 Apr 2020,11488159,3:11:28,,,1623002,0:27:03,,,2406369,0:40:06,,
9 Apr 2020,20403912,5:40:04,,,6355901,1:45:56,,,6035197,1:40:35,,
10 Apr 2020,10497002,2:54:57,,,17500648,4:51:41,,,9338384,2:35:38,,
11 Apr 2020,12857066,3:34:17,,,1611370,0:26:51,,,4556887,1:15:57,,
12 Apr 2020,16356341,4:32:36,,,8519228,2:21:59,,,18535631,5:08:56,,
13 Apr 2020,7006843,1:56:47,,,0,0:00:00,,,12055293,3:20:55,,
14 Apr 2020,10747334,2:59:07,,,12424579,3:27:05,,,9771049,2:42:51,,
15 Apr 2020,11191314,3:06:31,,,5232176,1:27:12,,,5306286,1:28:26,,
16 Apr 2020,23537763,6:32:18,,,15124911,4:12:05,,,24189589,6:43:10,,
17 Apr 2020,10878822,3:01:19,,,958786,0:15:59,,,7987607,2:13:08,,
18 Apr 2020,6853044,1:54:13,,,4049980,1:07:30,,,16579977,4:36:20,,
19 Apr 2020,9883619,2:44:44,,,1638005,0:27:18,,,8257482,2:17:37,,
20 Apr 2020,7371731,2:02:52,,,5794656,1:36:35,,,1241465,0:20:41,,
21 Apr 2020,7398821,2:03:19,,,2340231,0:39:00,,,12503345,3:28:23,,
22 Apr 2020,15443117,4:17:23,,,4208720,1:10:09,,,18182492,5:03:02,,
23 Apr 2020,13934630,3:52:15,,,13579335,3:46:19,,,5288438,1:28:08,,
24 Apr 2020,12478770,3:27:59,,,7345067,2:02:25,,,10588085,2:56:28,,
25 Apr 2020,9506961,2:38:27,,,24995228,6:56:35,,,11644437,3:14:04,,
26 Apr 2020,7161983,1:59:22,,,6550316,1:49:10,,,2664871,0:44:25,,
27 Apr 2020,9613777,2:40:14,,,2556665,0:42:37,,,2342591,0:39:03,,
28 Apr 2020,14672715,4:04:33,,,2374581,0:39:35,,,13483412,3:44:43,,
29 Apr 2020,11734691,3:15:35,,,3046874,0:50:47,,,13606113,3:46:46,,
30 Apr 2020,10897430,3:01:37,,,0,0:00:00,,,7404370,2:03:24,,
1 May 2020,22908871,6:21:49,,,9062594,2:31:03,,,4068326,1:07:48,,
2 May 2020,8163994,2:16:04,,,14114063,3:55:14,,,2212059,0:36:52,,
3 May 2020,21717571,6:01:58,,,9353620,2:35:54,,,5637391,1:33:57,,
4 May 2020,12469630,3:27:50,,,8083893,2:14:44,,,12022144,3:20:22,,
5 May 2020,17574060,4:52:54,,,15662783,4:21:03,,,4933429,1:22:13,,
6 May 2020,6124791,1:42:05,,,4000146,1:06:40,,,3798109,1:03:18,,
7 May 2020,11042396,3:04:02,,,6469496,1:47:49,,,1701299,0:28:21,,
8 May 2020,23932315,6:38:52,,,1235907,0:20:36,,,6308429,1:45:08,,
9 May 2020,0,0:00:00,,,7900774,2:11:41,,,3758145,1:02:38,,
10 May 2020,0,0:00:00,,,7838274,2:10:38,,,9327284,2:35:27,,
11 May 2020,12625868,3:30:26,,,6245386,1:44:05,,,33013910,9:10:14,,
12 May 2020,18024692,5:00:25,,,3169249,0:52:49,,,3232882,0:53:53,,
13 May 2020,18886052,5:14:46,,,31232076,8:40:32,,,10944961,3:02:25,,
14 May 2020,0,0:00:00,,,4874318,1:21:14,,,2184132,0:36:24,,
15 May 2020,18972743,5:16:13,,,20517592,5:41:58,,,3648673,1:00:49,,
16 May 2020,7258311,2:00:58,,,6244642,1:44:05,,,17124087,4:45:24,,
17 May 2020,25661400,7:07:41,,,14037613,3:53:58,,,28493331,7:54:53,,
18 May 2020,13943328,3:52:23,,,30145277,8:22:25,,,14900658,4:08:21,,
19 May 2020,14495532,4:01:36,,,8543646,2:22:24,,,6165938,1:42:46,,
20 May 2020,15669698,4:21:10,,,15343371,4:15:43,,,6448254,1:47:28,,
21 May 2020,21493264,5:58:13,,,27462060,7:37:42,,,5451060,1:30:51,,
22 May 2020,14527381,4:02:07,,,14867157,4:07:47,,,12554477,3:29:14,,
23 May 2020,8684254,2:24:44,,,16534372,4:35:34,,,8972059,2:29:32,,
24 May 2020,7098982,1:58:19,,,2171749,0:36:12,,,5839192,1:37:19,,
25 May 2020,9035876,2:30:36,,,23177630,6:26:18,,,9057088,2:30:57,,
26 May 2020,5279686,1:28:00,,,21551216,5:59:11,,,12416913,3:26:57,,
27 May 2020,18448578,5:07:29,,,20605642,5:43:26,,,7744084,2:09:04,,
28 May 2020,8288454,2:18:08,,,20749486,5:45:49,,,10146829,2:49:07,,
29 May 2020,3105185,0:51:45,,,13305698,3:41:46,,,8901653,2:28:22,,
30 May 2020,0,0:00:00,,,19088844,5:18:09,,,0,0:00:00,,
31 May 2020,0,0:00:00,,,10068362,2:47:48,,,6739635,1:52:20,,
1 Jun 2020,5875172,1:37:55,,,18950373,5:15:50,,,7858107,2:10:58,,
2 Jun 2020,18672612,5:11:13,,,3848361,1:04:08,,,7442064,2:04:02,,
3 Jun 2020,20268217,5:37:48,,,4285144,1:11:25,,,3389810,0:56:30,,
4 Jun 2020,7652528,2:07:33,,,29906873,8:18:27,,,7656378,2:07:36,,
5 Jun 2020,7817336,2:10:17,,,30588997,8:29:49,,,11674333,3:14:34,,
6 Jun 2020,7119525,1:58:40,,,3266555,0:54:27,,,7647444,2:07:27,,
7 Jun 2020,4182444,1:09:42,,,31044022,8:37:24,,,7009178,1:56:49,,
8 Jun 2020,13765285,3:49:25,,,25265733,7:01:06,,,30993971,8:36:34,,
9 Jun 2020,9896421,2:44:56,,,31860603,8:51:01,,,8919753,2:28:40,,
10 Jun 2020,8281182,2:18:01,,,25138987,6:58:59,,,15329243,4:15:29,,
11 Jun 2020,9544807,2:39:05,,,9656917,2:40:57,,,5594866,1:33:15,,
12 Jun 2020,10055610,2:47:36,,,26705493,7:25:05,,,16217027,4:30:17,,
13 Jun 2020,15774078,4:22:54,,,18633719,5:10:34,,,10781509,2:59:42,,
14 Jun 2020,3839633,1:04:00,,,5865100,1:37:45,,,12949481,3:35:49,,
15 Jun 2020,12625726,3:30:26,,,23040406,6:24:00,,,5770684,1:36:11,,
16 Jun 2020,8249464,2:17:29,,,17592096,4:53:12,,,14359678,3:59:20,,
17 Jun 2020,3162874,0:52:43,,,18915143,5:15:15,,,9329276,2:35:29,,
18 Jun 2020,6706427,1:51:46,,,25886650,7:11:27,,,1832537,0:30:33,,
19 Jun 2020,3545795,0:59:06,,,22474922,6:14:35,,,3162143,0:52:42,,
20 Jun 2020,5556843,1:32:37,,,15974105,4:26:14,,,0,0:00:00,,
21 Jun 2020,8701165,2:25:01,,,6577619,1:49:38,,,3680255,1:01:20,,
22 Jun 2020,4346225,1:12:26,,,8928956,2:28:49,,,4429223,1:13:49,,
23 Jun 2020,10460740,2:54:21,,,20422849,5:40:23,,,1250348,0:20:50,,
24 Jun 2020,0,0:00:00,,,10641210,2:57:21,,,674036,0:11:14,,
25 Jun 2020,1656578,0:27:37,,,11282838,3:08:03,,,0,0:00:00,,
26 Jun 2020,0,0:00:00,,,18710578,5:11:51,,,0,0:00:00,,
27 Jun 2020,0,0:00:00,,,33254985,9:14:15,,,0,0:00:00,,
28 Jun 2020,2226879,0:37:07,,,9526903,2:38:47,,,5536943,1:32:17,,
29 Jun 2020,16316851,4:31:57,,,11779266,3:16:19,,,6112474,1:41:52,,
30 Jun 2020,20861150,5:47:41,,,7041865,1:57:22,,,25836870,7:10:37,,
1 Jul 2020,13232214,3:40:32,,,10442069,2:54:02,,,11778938,3:16:19,,
2 Jul 2020,0,0:00:00,,,26036450,7:13:56,,,0,0:00:00,,
3 Jul 2020,9796998,2:43:17,,,14874094,4:07:54,,,7301626,2:01:42,,
4 Jul 2020,17012228,4:43:32,,,1255898,0:20:56,,,20432303,5:40:32,,
5 Jul 2020,7089946,1:58:10,,,16157355,4:29:17,,,1164136,0:19:24,,
6 Jul 2020,15798112,4:23:18,,,3599157,0:59:59,,,12669838,3:31:10,,
7 Jul 2020,25683336,7:08:03,,,7577968,2:06:18,,,0,0:00:00,,
8 Jul 2020,16967286,4:42:47,,,33268255,9:14:28,,,7063068,1:57:43,,
9 Jul 2020,0,0:00:00,,,20954394,5:49:14,,,4563130,1:16:03,,
10 Jul 2020,0,0:00:00,,,18417352,5:06:57,,,2599093,0:43:19,,
11 Jul 2020,21572012,5:59:32,,,13193264,3:39:53,,,1306033,0:21:46,,
12 Jul 2020,11562764,3:12:43,,,19328980,5:22:09,,,12300821,3:25:01,,
13 Jul 2020,2163739,0:36:04,,,3939137,1:05:39,,,16098981,4:28:19,,
14 Jul 2020,5154008,1:25:54,,,9325417,2:35:25,,,2628331,0:43:48,,
15 Jul 2020,23978000,6:39:38,,,17554915,4:52:35,,,12643914,3:30:44,,
16 Jul 2020,23169713,6:26:10,,,8036743,2:13:57,,,17485319,4:51:25,,
17 Jul 2020,9075985,2:31:16,,,18577501,5:09:38,,,3171919,0:52:52,,
18 Jul 2020,174698,0:02:55,,,4912492,1:21:52,,,6314619,1:45:15,,
19 Jul 2020,2259705,0:37:40,,,11959246,3:19:19,,,15251342,4:14:11,,
20 Jul 2020,18802394,5:13:22,,,11151832,3:05:52,,,0,0:00:00,,
21 Jul 2020,15214914,4:13:35,,,11677860,3:14:38,,,8624810,2:23:45,,
22 Jul 2020,65088,0:01:05,,,16355879,4:32:36,,,3065009,0:51:05,,
23 Jul 2020,13919495,3:51:59,,,5463938,1:31:04,,,4074940,1:07:55,,
24 Jul 2020,7495273,2:04:55,,,27314136,7:35:14,,,10643829,2:57:24,,
25 Jul 2020,1872005,0:31:12,,,9265121,2:34:25,,,8757957,2:25:58,,
26 Jul 2020,1153257,0:19:13,,,23619425,6:33:39,,,4693288,1:18:13,,
27 Jul 2020,3545080,0:59:05,,,16734491,4:38:54,,,13048999,3:37:29,,
28 Jul 2020,16567409,4:36:07,,,12229931,3:23:50,,,13801521,3:50:02,,
29 Jul 2020,8957986,2:29:18,,,14308067,3:58:28,,,6945595,1:55:46,,
30 Jul 2020,2626914,0:43:47,,,27324947,7:35:25,,,0,0:00:00,,
31 Jul 2020,16480870,4:34:41,,,12853884,3:34:14,,,224770,0:03:45,,
1 Aug 2020,11962522,3:19:23,,,11141703,3:05:42,,,15034554,4:10:35,,
2 Aug 2020,16794276,4:39:54,,,6813045,1:53:33,,,424916,0:07:05,,
3 Aug 2020,5436279,1:30:36,,,0,0:00:00,,,6933313,1:55:33,,
4 Aug 2020,2225771,0:37:06,,,0,0:00:00,,,1669493,0:27:49,,
5 Aug 2020,0,0:00:00,,,0,0:00:00,,,7637583,2:07:18,,
6 Aug 2020,1880950,0:31:21,,,1602009,0:26:42,,,9626902,2:40:27,,
7 Aug 2020,0,0:00:00,,,0,0:00:00,,,0,0:00:00,,
8 Aug 2020,4396074,1:13:16,,,7807612,2:10:08,,,5526227,1:32:06,,
9 Aug 2020,7595153,2:06:35,,,10894497,3:01:34,,,836676,0:13:57,,
10 Aug 2020,10037418,2:47:17,,,0,0:00:00,,,0,0:00:00,,
11 Aug 2020,21380401,5:56:20,,,0,0:00:00,,,0,0:00:00,,
12 Aug 2020,17881662,4:58:02,,,8554338,2:22:34,,,0,0:00:00,,
13 Aug 2020,22336072,6:12:16,,,0,0:00:00,,,0,0:00:00,,
14 Aug 2020,4737535,1:18:58,,,2436223,0:40:36,,,0,0:00:00,,
15 Aug 2020,5489595,1:31:30,,,3500160,0:58:20,,,8453183,2:20:53,,
16 Aug 2020,11577033,3:12:57,,,3029598,0:50:30,,,393121,0:06:33,,
17 Aug 2020,18119367,5:01:59,,,1699310,0:28:19,,,0,0:00:00,,
18 Aug 2020,14229791,3:57:10,,,7468308,2:04:28,,,0,0:00:00,,
19 Aug 2020,13425471,3:43:45,,,4310067,1:11:50,,,0,0:00:00,,
20 Aug 2020,24973440,6:56:13,,,12559450,3:29:19,,,0,0:00:00,,
21 Aug 2020,0,0:00:00,,,6313261,1:45:13,,,8653098,2:24:13,,
22 Aug 2020,1820459,0:30:20,,,25474198,7:04:34,,,0,0:00:00,,
23 Aug 2020,7738215,2:08:58,,,20241198,5:37:21,,,0,0:00:00,,
24 Aug 2020,8830460,2:27:10,,,10605075,2:56:45,,,10699479,2:58:19,,
25 Aug 2020,25935718,7:12:16,,,11069829,3:04:30,,,3315186,0:55:15,,
26 Aug 2020,12890274,3:34:50,,,7375009,2:02:55,,,1651855,0:27:32,,
27 Aug 2020,26701376,7:25:01,,,10656616,2:57:37,,,11862576,3:17:43,,
28 Aug 2020,14663148,4:04:23,,,6755853,1:52:36,,,3664611,1:01:05,,
29 Aug 2020,6287987,1:44:48,,,6671165,1:51:11,,,7209960,2:00:10,,
30 Aug 2020,0,0:00:00,,,22524893,6:15:25,,,19974326,5:32:54,,
31 Aug 2020,5802120,1:36:42,,,4475265,1:14:35,,,5453807,1:30:54,,
1 Sep 2020,6444646,1:47:25,,,1034626,0:17:15,,,2076985,0:34:37,,
2 Sep 2020,0,0:00:00,,,3844184,1:04:04,,,3485704,0:58:06,,
3 Sep 2020,5539735,1:32:20,,,2662041,0:44:22,,,4316696,1:11:57,,
4 Sep 2020,0,0:00:00,,,22836640,6:20:37,,,8070736,2:14:31,,
5 Sep 2020,7662733,2:07:43,,,13830648,3:50:31,,,0,0:00:00,,
6 Sep 2020,8023146,2:13:43,,,11650861,3:14:11,,,0,0:00:00,,
7 Sep 2020,20360986,5:39:21,,,6960480,1:56:00,,,0,0:00:00,,
8 Sep 2020,13566012,3:46:06,,,6351967,1:45:52,,,0,0:00:00,,
9 Sep 2020,9026318,2:30:26,,,7842941,2:10:43,,,0,0:00:00,,
10 Sep 2020,9983699,2:46:24,,,16133841,4:28:54,,,0,0:00:00,,
11 Sep 2020,13151371,3:39:11,,,9122176,2:32:02,,,0,0:00:00,,
12 Sep 2020,6150403,1:42:30,,,9101525,2:31:42,,,0,0:00:00,,
13 Sep 2020,13949876,3:52:30,,,12069655,3:21:10,,,1198610,0:19:59,,
14 Sep 2020,15918146,4:25:18,,,3537109,0:58:57,,,220529,0:03:41,,
15 Sep 2020,9316264,2:35:16,,,8771217,2:26:11,,,0,0:00:00,,
16 Sep 2020,14187667,3:56:28,,,2010922,0:33:31,,,0,0:00:00,,
17 Sep 2020,19684718,5:28:05,,,4075861,1:07:56,,,0,0:00:00,,
18 Sep 2020,20027948,5:33:48,,,3079576,0:51:20,,,0,0:00:00,,
19 Sep 2020,0,0:00:00,,,26188438,7:16:28,,,0,0:00:00,,
20 Sep 2020,3258215,0:54:18,,,6774937,1:52:55,,,0,0:00:00,,
21 Sep 2020,11208989,3:06:49,,,12281850,3:24:42,,,0,0:00:00,,
22 Sep 2020,28271502,7:51:12,,,5729269,1:35:29,,,0,0:00:00,,
23 Sep 2020,2910993,0:48:31,,,7083514,1:58:04,,,0,0:00:00,,
24 Sep 2020,29744735,8:15:45,,,16479858,4:34:40,,,0,0:00:00,,
25 Sep 2020,24573825,6:49:34,,,12059951,3:21:00,,,0,0:00:00,,
26 Sep 2020,7018487,1:56:58,,,22214770,6:10:15,,,0,0:00:00,,
27 Sep 2020,638736,0:10:39,,,19167167,5:19:27,,,0,0:00:00,,
28 Sep 2020,14909076,4:08:29,,,21097922,5:51:38,,,0,0:00:00,,
29 Sep 2020,12447956,3:27:28,,,14031340,3:53:51,,,0,0:00:00,,
30 Sep 2020,6354535,1:45:55,,,9458749,2:37:39,,,0,0:00:00,,
1 Oct 2020,19875015,5:31:15,,,14356314,3:59:16,,,0,0:00:00,,
2 Oct 2020,22886522,6:21:27,,,16855963,4:40:56,,,0,0:00:00,,
3 Oct 2020,9565133,2:39:25,,,6958003,1:55:58,,,0,0:00:00,,
4 Oct 2020,0,0:00:00,,,0,0:00:00,,,0,0:00:00,,
5 Oct 2020,17370315,4:49:30,,,6490483,1:48:10,,,0,0:00:00,,
6 Oct 2020,16392945,4:33:13,,,22274886,6:11:15,,,0,0:00:00,,
7 Oct 2020,5390652,1:29:51,,,1053064,0:17:33,,,0,0:00:00,,
8 Oct 2020,10839480,3:00:39,,,8493269,2:21:33,,,0,0:00:00,,
9 Oct 2020,13063922,3:37:44,,,4616129,1:16:56,,,0,0:00:00,,
10 Oct 2020,4654769,1:17:35,,,11574972,3:12:55,,,0,0:00:00,,
11 Oct 2020,8625276,2:23:45,,,3134930,0:52:15,,,0,0:00:00,,
12 Oct 2020,21119343,5:51:59,,,6749903,1:52:30,,,0,0:00:00,,
13 Oct 2020,12269362,3:24:29,,,31634195,8:47:14,,,8225241,2:17:05,,
14 Oct 2020,1002739,0:16:43,,,517732,0:08:38,,,0,0:00:00,,
15 Oct 2020,17839781,4:57:20,,,77287,0:01:17,,,0,0:00:00,,
16 Oct 2020,19305791,5:21:46,,,15082075,4:11:22,,,12422042,3:27:02,,
17 Oct 2020,18913485,5:15:13,,,8882195,2:28:02,,,12055610,3:20:56,,
18 Oct 2020,20952519,5:49:13,,,1628717,0:27:09,,,3321058,0:55:21,,
19 Oct 2020,7160658,1:59:21,,,5871348,1:37:51,,,3712960,1:01:53,,
20 Oct 2020,16827470,4:40:27,,,2387551,0:39:48,,,0,0:00:00,,
21 Oct 2020,10506390,2:55:06,,,15012543,4:10:13,,,5228261,1:27:08,,
22 Oct 2020,20711717,5:45:12,,,7023431,1:57:03,,,0,0:00:00,,
23 Oct 2020,13324930,3:42:05,,,7673171,2:07:53,,,11639512,3:14:00,,
24 Oct 2020,18868353,5:14:28,,,15849874,4:24:10,,,3740988,1:02:21,,
25 Oct 2020,9940860,2:45:41,,,4286314,1:11:26,,,0,0:00:00,,
26 Oct 2020,19976899,5:32:57,,,21402075,5:56:42,,,3677594,1:01:18,,
27 Oct 2020,13349439,3:42:29,,,20895483,5:48:15,,,0,0:00:00,,
28 Oct 2020,2068983,0:34:29,,,6017026,1:40:17,,,3882307,1:04:42,,
29 Oct 2020,15581823,4:19:42,,,9219941,2:33:40,,,8779402,2:26:19,,
30 Oct 2020,15853203,4:24:13,,,20883386,5:48:03,,,1157655,0:19:18,,
31 Oct 2020,10728670,2:58:49,,,2755120,0:45:55,,,4518709,1:15:19,,
1 Nov 2020,14121072,3:55:21,,,2125140,0:35:25,,,2294229,0:38:14,,
2 Nov 2020,19785036,5:29:45,,,9261373,2:34:21,,,10149168,2:49:09,,
3 Nov 2020,9307893,2:35:08,,,11062410,3:04:22,,,14335770,3:58:56,,
4 Nov 2020,1390922,0:23:11,,,11360287,3:09:20,,,0,0:00:00,,
5 Nov 2020,2526712,0:42:07,,,4218005,1:10:18,,,1874571,0:31:15,,
6 Nov 2020,6298684,1:44:59,,,2082498,0:34:42,,,2276525,0:37:57,,
7 Nov 2020,10485725,2:54:46,,,15292895,4:14:53,,,0,0:00:00,,
8 Nov 2020,16452569,4:34:13,,,5824121,1:37:04,,,1727131,0:28:47,,
9 Nov 2020,35844808,9:57:25,,,13669096,3:47:49,,,23965237,6:39:25,,
10 Nov 2020,26389486,7:19:49,,,7801374,2:10:01,,,6593060,1:49:53,,
11 Nov 2020,4464640,1:14:25,,,5404808,1:30:05,,,0,0:00:00,,
12 Nov 2020,0,0:00:00,,,14273240,3:57:53,,,4177751,1:09:38,,
13 Nov 2020,5116824,1:25:17,,,19667784,5:27:48,,,16309082,4:31:49,,
14 Nov 2020,17457111,4:50:57,,,12727157,3:32:07,,,10934120,3:02:14,,
15 Nov 2020,10746798,2:59:07,,,20276801,5:37:57,,,4452765,1:14:13,,
16 Nov 2020,4457477,1:14:17,,,13441452,3:44:01,,,15596392,4:19:56,,
17 Nov 2020,15382104,4:16:22,,,5817920,1:36:58,,,20955270,5:49:15,,
18 Nov 2020,0,0:00:00,,,5839252,1:37:19,,,9144497,2:32:24,,
19 Nov 2020,6561905,1:49:22,,,6242927,1:44:03,,,6667516,1:51:08,,
20 Nov 2020,23489667,6:31:30,,,14780538,4:06:21,,,9983075,2:46:23,,
21 Nov 2020,5680796,1:34:41,,,25733212,7:08:53,,,15745163,4:22:25,,
22 Nov 2020,29959170,8:19:19,,,13417050,3:43:37,,,8975354,2:29:35,,
23 Nov 2020,10448966,2:54:09,,,19302153,5:21:42,,,21164209,5:52:44,,
24 Nov 2020,22562193,6:16:02,,,31884211,8:51:24,,,21504291,5:58:24,,
25 Nov 2020,12840342,3:34:00,,,14859321,4:07:39,,,7992751,2:13:13,,
26 Nov 2020,0,0:00:00,,,10386659,2:53:07,,,2327615,0:38:48,,
27 Nov 2020,4724522,1:18:45,,,5148888,1:25:49,,,2463082,0:41:03,,
28 Nov 2020,8574826,2:22:55,,,13388662,3:43:09,,,11775649,3:16:16,,
29 Nov 2020,0,0:00:00,,,1484846,0:24:45,,,9190156,2:33:10,,
30 Nov 2020,2372293,0:39:32,,,24736184,6:52:16,,,23216943,6:26:57,,
1 Dec 2020,20776562,5:46:17,,,59256084,16:27:36,,,3363748,0:56:04,,
2 Dec 2020,8635887,2:23:56,,,9011024,2:30:11,,,4605573,1:16:46,,
3 Dec 2020,25274017,7:01:14,,,4482988,1:14:43,,,3610639,1:00:11,,
4 Dec 2020,16419478,4:33:39,,,6804491,1:53:24,,,8964308,2:29:24,,
5 Dec 2020,8364531,2:19:25,,,0,0:00:00,,,21763639,6:02:44,,
6 Dec 2020,0,0:00:00,,,23189716,6:26:30,,,27506406,7:38:26,,
7 Dec 2020,16686370,4:38:06,,,16060900,4:27:41,,,19244934,5:20:45,,
8 Dec 2020,15084166,4:11:24,,,13044963,3:37:25,,,3836895,1:03:57,,
9 Dec 2020,13686644,3:48:07,,,4239699,1:10:40,,,3704801,1:01:45,,
10 Dec 2020,10923732,3:02:04,,,10853642,3:00:54,,,1360233,0:22:40,,
11 Dec 2020,17029955,4:43:50,,,19425463,5:23:45,,,2230505,0:37:11,,
12 Dec 2020,14463858,4:01:04,,,15462570,4:17:43,,,52993782,14:43:14,,
13 Dec 2020,17121516,4:45:22,,,17394226,4:49:54,,,27236826,7:33:57,,
14 Dec 2020,24565808,6:49:26,,,3495468,0:58:15,,,12184823,3:23:05,,
15 Dec 2020,25105413,6:58:25,,,16954330,4:42:34,,,2976508,0:49:37,,
16 Dec 2020,6527886,1:48:48,,,3945727,1:05:46,,,5899614,1:38:20,,
17 Dec 2020,9269467,2:34:29,,,11665967,3:14:26,,,28876160,8:01:16,,
18 Dec 2020,17361113,4:49:21,,,1383659,0:23:04,,,16732399,4:38:52,,
19 Dec 2020,4196024,1:09:56,,,1543028,0:25:43,,,17939132,4:58:59,,
20 Dec 2020,2798341,0:46:38,,,19645211,5:27:25,,,23212696,6:26:53,,
21 Dec 2020,8187099,2:16:27,,,11549188,3:12:29,,,15394260,4:16:34,,
22 Dec 2020,9903469,2:45:03,,,17232081,4:47:12,,,12900087,3:35:00,,
23 Dec 2020,10412669,2:53:33,,,6258912,1:44:19,,,20002372,5:33:22,,
24 Dec 2020,0,0:00:00,,,804064,0:13:24,,,12846359,3:34:06,,
25 Dec 2020,0,0:00:00,,,155880,0:02:36,,,582932,0:09:43,,
26 Dec 2020,3232557,0:53:53,,,644527,0:10:45,,,2475984,0:41:16,,
27 Dec 2020,0,0:00:00,,,6264679,1:44:25,,,9717535,2:41:58,,
28 Dec 2020,4408843,1:13:29,,,17472505,4:51:13,,,10136808,2:48:57,,
29 Dec 2020,0,0:00:00,,,19052086,5:17:32,,,10770087,2:59:30,,
30 Dec 2020,0,0:00:00,,,1708074,0:28:28,,,7453313,2:04:13,,
31 Dec 2020,0,0:00:00,,,10933545,3:02:14,,,13565468,3:46:05,,
1 Jan 2021,6626469,1:50:26,,,19789602,5:29:50,,,12278976,3:24:39,,
2 Jan 2021,0,0:00:00,,,6007941,1:40:08,,,15728270,4:22:08,,
3 Jan 2021,6578500,1:49:39,,,3948875,1:05:49,,,2873509,0:47:54,,
4 Jan 2021,3936868,1:05:37,,,7724315,2:08:44,,,11543922,3:12:24,,
5 Jan 2021,8205458,2:16:45,,,24949284,6:55:49,,,3416148,0:56:56,,
6 Jan 2021,10238308,2:50:38,,,11769131,3:16:09,,,2419238,0:40:19,,
7 Jan 2021,14872500,4:07:53,,,12024599,3:20:25,,,2283282,0:38:03,,
8 Jan 2021,6394213,1:46:34,,,24213337,6:43:33,,,3613037,1:00:13,,
9 Jan 2021,3181618,0:53:02,,,13396695,3:43:17,,,9191918,2:33:12,,
10 Jan 2021,5393266,1:29:53,,,3479705,0:58:00,,,8739334,2:25:39,,
11 Jan 2021,26635202,7:23:55,,,6656538,1:50:57,,,8841716,2:27:22,,
12 Jan 2021,18945428,5:15:45,,,21036784,5:50:37,,,8047498,2:14:07,,
13 Jan 2021,19773686,5:29:34,,,15241824,4:14:02,,,8821638,2:27:02,,
14 Jan 2021,5745083,1:35:45,,,17195818,4:46:36,,,14732836,4:05:33,,
15 Jan 2021,1016645,0:16:57,,,9328180,2:35:28,,,5802909,1:36:43,,